{
    "camera_angle_x": 0.6911112070083618,
    "camera_angle_y": 0.4710899591445923,
    "fl_x": 711.1111111111111,
    "fl_y": 711.1111111111111,
    "k1": 0.0,
    "k2": 0.0,
    "p1": 0.0,
    "p2": 0.0,
    "cx": 256.0,
    "cy": 256.0,
    "w": 512,
    "h": 512
}